Device Name,DEV_EUI, F/W Ver. ,Location,Floor,Relocated Parking Space,Position in parking Space
CHFA-IOTPARK-KwunTong-EMSDHQsCarPark-001,60C5A8FFFE78EF80,1.5,Ekoutone Gary,,,
CHFA-IOTPARK-KwunTong-EMSDHQsCarPark-003,60C5A8FFFE78EF5A,2.1,EMSDHQs Car Park,3/F,3032,
CHFA-IOTPARK-KwunTong-EMSDHQsCarPark-004,60C5A8FFFE78EE85,2.1,EMSDHQs Car Park,3/F,3056,
CHFA-IOTPARK-KwunTong-EMSDHQsCarPark-005,60C5A8FFFE78EE84,2.1,EMSDHQs Car Park,3/F,3034,
CHFA-IOTPARK-KwunTong-EMSDHQsCarPark-006,60C5A8FFFE78EF6B,2.1,EMSDHQs Car Park,3/F,3058,
CHFA-IOTPARK-KwunTong-EMSDHQsCarPark-007,60C5A8FFFE78EF10,2.1,EMSDHQs Car Park,3/F,3046,
CHFA-IOTPARK-KwunTong-EMSDHQsCarPark-008,60C5A8FFFE78EC16,1.5,Sent for Maintenance,,,
CHFA-IOTPARK-KwunTong-EMSDHQsCarPark-009,60C5A8FFFE78EEB0,2.1,EMSDHQs Car Park,3/F,3033,
CHFA-IOTPARK-KwunTong-EMSDHQsCarPark-010,60C5A8FFFE78EE62,1.5,Ekoutone Gary,,,
CHFA-IOTPARK-KwunTong-EMSDHQsCarPark-011,AC1F09FFFE0053F7,1.5,Sent for Maintenance,,,
CHFA-IOTPARK-KwunTong-EMSDHQsCarPark-012,60C5A8FFFE78EF96,2.1,EMSDHQs Car Park,3/F,3047,
CHFA-IOTPARK-KwunTong-EMSDHQsCarPark-013,60C5A8FFFE78F252,2.1,EMSDHQs Car Park,3/F,3048,
CHFA-IOTPARK-KwunTong-EMSDHQsCarPark-014,60C5A8FFFE78EEC7,2.1,EMSDHQs Car Park,3/F,3059,
CHFA-IOTPARK-KwunTong-EMSDHQsCarPark-015,60C5A8FFFE78EEE8,2.1,EMSDHQs Car Park,3/F,3049,
CHFA-IOTPARK-KwunTong-EMSDHQsCarPark-016,60C5A8FFFE78EE3D,2.1,EMSDHQs Car Park,3/F,3061,
CHFA-IOTPARK-KwunTong-EMSDHQsCarPark-017,AC1F09FFFE0422EC,2,EMSDHQs Car Park,5/F,5030,
CHFA-IOTPARK-KwunTong-EMSDHQsCarPark-018,60C5A8FFFE78EE09,2,EMSDHQs Car Park,5/F,5037,Front
CHFA-IOTPARK-KwunTong-EMSDHQsCarPark-019,AC1F09FFFE0051AD,2,EMSDHQs Car Park,5/F,5023,
CHFA-IOTPARK-KwunTong-EMSDHQsCarPark-020,60C5A8FFFE78F443,2,EMSDHQs Car Park,5/F,5032,
CHFA-IOTPARK-KwunTong-EMSDHQsCarPark-021,60C5A8FFFE78EE1D,2,EMSDHQs Car Park,5/F,5033,
CHFA-IOTPARK-KwunTong-EMSDHQsCarPark-022,60C5A8FFFE78F083,2,EMSDHQs Car Park,5/F,5022,Front
CHFA-IOTPARK-KwunTong-EMSDHQsCarPark-023,60C5A8FFFE78EE58,1.5,EMSDHQs Car Park,5/F,5027,
CHFA-IOTPARK-KwunTong-EMSDHQsCarPark-024,60C5A8FFFE78EEB3,2,EMSDHQs Car Park,5/F,5026,
CHFA-IOTPARK-KwunTong-EMSDHQsCarPark-025,AC1F09FFFE0053FA,2,EMSDHQs Car Park,5/F,5022,Back
CHFA-IOTPARK-KwunTong-EMSDHQsCarPark-026,AC1F09FFFE0051D0,2,EMSDHQs Car Park,5/F,5025,
CHFA-IOTPARK-KwunTong-EMSDHQsCarPark-027,AC1F09FFFE00540E,2,EMSDHQs Car Park,5/F,5028,
CHFA-IOTPARK-KwunTong-EMSDHQsCarPark-028,60C5A8FFFE78EF2F,2,EMSDHQs Car Park,5/F,5034,
CHFA-IOTPARK-KwunTong-EMSDHQsCarPark-029,AC1F09FFFE0051DC,2,EMSDHQs Car Park,5/F,5035,
CHFA-IOTPARK-KwunTong-EMSDHQsCarPark-030,60C5A8FFFE78EF48,2,EMSDHQs Car Park,5/F,5031,
CHFA-IOTPARK-KwunTong-EMSDHQsCarPark-031,AC1F09FFFE0051DA,2,EMSDHQs Car Park,5/F,5024,
CHFA-IOTPARK-KwunTong-EMSDHQsCarPark-032,60C5A8FFFE78EE34,1.5,EMSDHQs Car Park,5/F,5014,Front
CHFA-IOTPARK-KwunTong-EMSDHQsCarPark-033,60C5A8FFFE78EEE5,1.5,EMSDHQs Car Park,5/F,5016,Back
CHFA-IOTPARK-KwunTong-EMSDHQsCarPark-034,60C5A8FFFE78F390,2,EMSDHQs Car Park,5/F,5018,Back
CHFA-IOTPARK-KwunTong-EMSDHQsCarPark-035,60C5A8FFFE78EEDC,2,EMSDHQs Car Park,5/F,5019,Front
CHFA-IOTPARK-KwunTong-EMSDHQsCarPark-036,60C5A8FFFE78EEA8,2,EMSDHQs Car Park,5/F,5019,Back
CHFA-IOTPARK-KwunTong-EMSDHQsCarPark-037,60C5A8FFFE78EF47,1.5,EMSDHQs Car Park,5/F,5021,Back
CHFA-IOTPARK-KwunTong-EMSDHQsCarPark-038,AC1F09FFFE00525B,2,EMSDHQs Car Park,5/F,5020,Front
CHFA-IOTPARK-KwunTong-EMSDHQsCarPark-039,60C5A8FFFE78EEF3,2,EMSDHQs Car Park,5/F,5017,Front
CHFA-IOTPARK-KwunTong-EMSDHQsCarPark-040,60C5A8FFFE78EFA7,1.5,EMSDHQs Car Park,5/F,5015,Front
CHFA-IOTPARK-KwunTong-EMSDHQsCarPark-041,60C5A8FFFE78EF73,1.5,EMSDHQs Car Park,5/F,5020,Back
CHFA-IOTPARK-KwunTong-EMSDHQsCarPark-042,60C5A8FFFE78EE52,1.5,EMSDHQs Car Park,5/F,5017,Back
CHFA-IOTPARK-KwunTong-EMSDHQsCarPark-043,60C5A8FFFE78EF5F,1.5,EMSDHQs Car Park,5/F,5021,Front
CHFA-IOTPARK-KwunTong-EMSDHQsCarPark-044,60C5A8FFFE78EFC6,2,EMSDHQs Car Park,5/F,5014,Back
CHFA-IOTPARK-KwunTong-EMSDHQsCarPark-045,60C5A8FFFE78EF69,2,EMSDHQs Car Park,5/F,5013,Back
CHFA-IOTPARK-KwunTong-EMSDHQsCarPark-046,60C5A8FFFE78F317,2,EMSDHQs Car Park,5/F,5018,Front
CHFA-IOTPARK-KwunTong-EMSDHQsCarPark-047,AC1F09FFFE0422EB,2,EMSDHQs Car Park,3/F,3076,
CHFA-IOTPARK-KwunTong-EMSDHQsCarPark-048,60C5A8FFFE78EF11,2,EMSDHQs Car Park,3/F,3043,
CHFA-IOTPARK-KwunTong-EMSDHQsCarPark-049,60C5A8FFFE78EE0E,2,EMSDHQs Car Park,3/F,3069,Back
CHFA-IOTPARK-KwunTong-EMSDHQsCarPark-050,AC1F09FFFE0051E0,2.1,EMSDHQs Car Park,3/F,3122,
CHFA-IOTPARK-KwunTong-EMSDHQsCarPark-051,60C5A8FFFE78EE5F,2,EMSDHQs Car Park,3/F,3044,Back
CHFA-IOTPARK-KwunTong-EMSDHQsCarPark-052,AC1F09FFFE005423,2,EMSDHQs Car Park,3/F,3044,Front
CHFA-IOTPARK-KwunTong-EMSDHQsCarPark-053,60C5A8FFFE78EF1E,2,EMSDHQs Car Park,3/F,3068,Front
CHFA-IOTPARK-KwunTong-EMSDHQsCarPark-054,60C5A8FFFE78EEB5,2.1,EMSDHQs Car Park,3/F,3106,
CHFA-IOTPARK-KwunTong-EMSDHQsCarPark-055,60C5A8FFFE78EE41,2,EMSDHQs Car Park,3/F,3070,Front
CHFA-IOTPARK-KwunTong-EMSDHQsCarPark-056,60C5A8FFFE78EF19,2,EMSDHQs Car Park,3/F,3090,
CHFA-IOTPARK-KwunTong-EMSDHQsCarPark-057,60C5A8FFFE78EE71,2,EMSDHQs Car Park,3/F,3070,Back
CHFA-IOTPARK-KwunTong-EMSDHQsCarPark-058,60C5A8FFFE78EF29,1.5,Sent for Maintenance,,,
CHFA-IOTPARK-KwunTong-EMSDHQsCarPark-059,AC1F09FFFE0053F8,2,EMSDHQs Car Park,3/F,3045,Front
CHFA-IOTPARK-KwunTong-EMSDHQsCarPark-060,AC1F09FFFE0051E1,2,EMSDHQs Car Park,3/F,3078,
CHFA-IOTPARK-KwunTong-EMSDHQsCarPark-061,60C5A8FFFE78EE3C,2,EMSDHQs Car Park,3/F,3077,
CHFA-IOTPARK-KwunTong-EMSDHQsCarPark-062,60C5A8FFFE78F31E,2,EMSDHQs Car Park,3/F,3031,
CHFA-IOTPARK-KwunTong-EMSDHQsCarPark-063,60C5A8FFFE78EE2D,2,EMSDHQs Car Park,5/F,5016,Front
CHFA-IOTPARK-KwunTong-EMSDHQsCarPark-064,60C5A8FFFE78EEEE,2,EMSDHQs Car Park,5/F,5051,
CHFA-IOTPARK-KwunTong-EMSDHQsCarPark-065,60C5A8FFFE78EEBA,2,EMSDHQs Car Park,4/F,4053,
CHFA-IOTPARK-KwunTong-EMSDHQsCarPark-066,60C5A8FFFE78EE36,2,EMSDHQs Car Park,5/F,5049,
CHFA-IOTPARK-KwunTong-EMSDHQsCarPark-067,60C5A8FFFE78EF42,2,EMSDHQs Car Park,5/F,5052,
CHFA-IOTPARK-KwunTong-EMSDHQsCarPark-068,60C5A8FFFE78EED3,2,EMSDHQs Car Park,4/F,4075,
CHFA-IOTPARK-KwunTong-EMSDHQsCarPark-069,60C5A8FFFE78EBC6,2,EMSDHQs Car Park,5/F,5053,
CHFA-IOTPARK-KwunTong-EMSDHQsCarPark-070,60C5A8FFFE78EF09,2,EMSDHQs Car Park,3/F,3030,
CHFA-IOTPARK-KwunTong-EMSDHQsCarPark-071,60C5A8FFFE78EE8B,2,EMSDHQs Car Park,4/F,4061,
CHFA-IOTPARK-KwunTong-EMSDHQsCarPark-072,60C5A8FFFE78EED5,2,EMSDHQs Car Park,5/F,5015,Back
CHFA-IOTPARK-KwunTong-EMSDHQsCarPark-073,60C5A8FFFE78EF23,2,EMSDHQs Car Park,5/F,5045,
CHFA-IOTPARK-KwunTong-EMSDHQsCarPark-074,60C5A8FFFE78EE57,2,EMSDHQs Car Park,5/F,5047,
CHFA-IOTPARK-KwunTong-EMSDHQsCarPark-075,60C5A8FFFE78EE8E,2,EMSDHQs Car Park,5/F,5040,Back
CHFA-IOTPARK-KwunTong-EMSDHQsCarPark-076,60C5A8FFFE78F24B,2,EMSDHQs Car Park,5/F,5050,
CHFA-IOTPARK-KwunTong-EMSDHQsCarPark-077,60C5A8FFFE78EE02,2,EMSDHQs Car Park,3/F,3038,
CHFA-IOTPARK-KwunTong-EMSDHQsCarPark-078,60C5A8FFFE78EE49,2,EMSDHQs Car Park,3/F,3097,
CHFA-IOTPARK-KwunTong-EMSDHQsCarPark-079,60C5A8FFFE78EEE7,2,EMSDHQs Car Park,3/F,3069,Front
CHFA-IOTPARK-KwunTong-EMSDHQsCarPark-080,60C5A8FFFE78EF0C,2,EMSDHQs Car Park,3/F,3110,
CHFA-IOTPARK-KwunTong-EMSDHQsCarPark-081,AC1F09FFFE0051AB,2,EMSDHQs Car Park,3/F,3054,
CHFA-IOTPARK-KwunTong-EMSDHQsCarPark-082,AC1F09FFFE005410,2,EMSDHQs Car Park,3/F,3075,
CHFA-IOTPARK-KwunTong-EMSDHQsCarPark-083,60C5A8FFFE78EE8A,2,EMSDHQs Car Park,3/F,3068,Back
CHFA-IOTPARK-KwunTong-EMSDHQsCarPark-084,60C5A8FFFE78EE9B,2,EMSDHQs Car Park,3/F,3113,
CHFA-IOTPARK-KwunTong-EMSDHQsCarPark-085,60C5A8FFFE78EF18,2,EMSDHQs Car Park,3/F,3112,
CHFA-IOTPARK-KwunTong-EMSDHQsCarPark-086,60C5A8FFFE78EF40,2,EMSDHQs Car Park,3/F,3055,
CHFA-IOTPARK-KwunTong-EMSDHQsCarPark-087,AC1F09FFFE0051F7,1.5,Sent for Maintenance,,,
CHFA-IOTPARK-KwunTong-EMSDHQsCarPark-088,60C5A8FFFE78EEA2,2.1,EMSDHQs Car Park,3/F,3051,
CHFA-IOTPARK-KwunTong-EMSDHQsCarPark-089,60C5A8FFFE78F3AA,2.1,EMSDHQs Car Park,3/F,3111,
CHFA-IOTPARK-KwunTong-EMSDHQsCarPark-090,AC1F09FFFE0051E3,2,EMSDHQs Car Park,3/F,3100,
CHFA-IOTPARK-KwunTong-EMSDHQsCarPark-091,60C5A8FFFE78EE3B,2,EMSDHQs Car Park,3/F,3062,
CHFA-IOTPARK-KwunTong-EMSDHQsCarPark-092,60C5A8FFFE78EBD7,2.1,EMSDHQs Car Park,3/F,3102,
CHFA-IOTPARK-KwunTong-EMSDHQsCarPark-093,60C5A8FFFE78ED65,2.1,EMSDHQs Car Park,3/F,3120,
CHFA-IOTPARK-KwunTong-EMSDHQsCarPark-094,60C5A8FFFE78EE16,2.1,EMSDHQs Car Park,3/F,3084,
CHFA-IOTPARK-KwunTong-EMSDHQsCarPark-096,60C5A8FFFE78EE1C,2,EMSDHQs Car Park,3/F,3099,
CHFA-IOTPARK-KwunTong-EMSDHQsCarPark-097,60C5A8FFFE78EBC3,2,EMSDHQs Car Park,3/F,3081,
CHFA-IOTPARK-KwunTong-EMSDHQsCarPark-098,AC1F09FFFE0051C9,2,EMSDHQs Car Park,3/F,3108,
CHFA-IOTPARK-KwunTong-EMSDHQsCarPark-099,60C5A8FFFE78EE65,1.5,Sent for Maintenance,,,
CHFA-IOTPARK-KwunTong-EMSDHQsCarPark-100,60C5A8FFFE78EE88,2,EMSDHQs Car Park,3/F,3091,
CHFA-IOTPARK-KwunTong-EMSDHQsCarPark-101,60C5A8FFFE78EEB8,2.1,EMSDHQs Car Park,3/F,3121,
CHFA-IOTPARK-KwunTong-EMSDHQsCarPark-102,60C5A8FFFE78EEA5,2.1,EMSDHQs Car Park,3/F,3107,
CHFA-IOTPARK-KwunTong-EMSDHQsCarPark-103,AC1F09FFFE005414,2.1,EMSDHQs Car Park,3/F,3125,
CHFA-IOTPARK-KwunTong-EMSDHQsCarPark-104,60C5A8FFFE78EF92,2.1,EMSDHQs Car Park,3/F,3088,
CHFA-IOTPARK-KwunTong-EMSDHQsCarPark-105,60C5A8FFFE78EE21,2,EMSDHQs Car Park,3/F,3083,
CHFA-IOTPARK-KwunTong-EMSDHQsCarPark-106,60C5A8FFFE78EF32,2,EMSDHQs Car Park,3/F,3092,
CHFA-IOTPARK-KwunTong-EMSDHQsCarPark-107,60C5A8FFFE78F385,2,EMSDHQs Car Park,4/F,4011,
CHFA-IOTPARK-KwunTong-EMSDHQsCarPark-108,60C5A8FFFE78EEF1,2,EMSDHQs Car Park,4/F,4005,
CHFA-IOTPARK-KwunTong-EMSDHQsCarPark-109,60C5A8FFFE78EF5B,2,EMSDHQs Car Park,5/F,5048,
CHFA-IOTPARK-KwunTong-EMSDHQsCarPark-110,60C5A8FFFE78EF30,2,EMSDHQs Car Park,4/F,4074,
CHFA-IOTPARK-KwunTong-EMSDHQsCarPark-111,60C5A8FFFE78EF51,2,EMSDHQs Car Park,4/F,4017,
CHFA-IOTPARK-KwunTong-EMSDHQsCarPark-112,60C5A8FFFE78EE11,2,EMSDHQs Car Park,4/F,4038,
CHFA-IOTPARK-KwunTong-EMSDHQsCarPark-113,60C5A8FFFE78EE20,2,EMSDHQs Car Park,4/F,4002,
CHFA-IOTPARK-KwunTong-EMSDHQsCarPark-114,AC1F09FFFE005162,2,EMSDHQs Car Park,4/F,4004,
CHFA-IOTPARK-KwunTong-EMSDHQsCarPark-115,60C5A8FFFE78EFD7,2,EMSDHQs Car Park,4/F,4013,
CHFA-IOTPARK-KwunTong-EMSDHQsCarPark-116,60C5A8FFFE78EEC6,2,EMSDHQs Car Park,4/F,4019,
CHFA-IOTPARK-KwunTong-EMSDHQsCarPark-117,60C5A8FFFE78EF87,2,EMSDHQs Car Park,4/F,4018,
CHFA-IOTPARK-KwunTong-EMSDHQsCarPark-118,60C5A8FFFE78F309,2,EMSDHQs Car Park,4/F,4012,
CHFA-IOTPARK-KwunTong-EMSDHQsCarPark-119,60C5A8FFFE78EF28,2,EMSDHQs Car Park,4/F,4028,
CHFA-IOTPARK-KwunTong-EMSDHQsCarPark-120,AC1F09FFFE0051DB,2,EMSDHQs Car Park,4/F,4010,
CHFA-IOTPARK-KwunTong-EMSDHQsCarPark-121,60C5A8FFFE78EEA1,2,EMSDHQs Car Park,4/F,4023,
CHFA-IOTPARK-KwunTong-EMSDHQsCarPark-122,60C5A8FFFE78EE14,2,EMSDHQs Car Park,4/F,4052,
CHFA-IOTPARK-KwunTong-EMSDHQsCarPark-123,60C5A8FFFE78EEC5,1.5,EMSDHQs Car Park,4/F,4066,
CHFA-IOTPARK-KwunTong-EMSDHQsCarPark-124,60C5A8FFFE78F3D3,2,EMSDHQs Car Park,4/F,4058,
CHFA-IOTPARK-KwunTong-EMSDHQsCarPark-125,60C5A8FFFE78EEEB,2,EMSDHQs Car Park,4/F,4049,Front
CHFA-IOTPARK-KwunTong-EMSDHQsCarPark-126,60C5A8FFFE78EF17,2,EMSDHQs Car Park,4/F,4059,
CHFA-IOTPARK-KwunTong-EMSDHQsCarPark-127,60C5A8FFFE78EED1,2,EMSDHQs Car Park,4/F,4060,
CHFA-IOTPARK-KwunTong-EMSDHQsCarPark-128,60C5A8FFFE78EEDE,1.5,EMSDHQs Car Park,5/F,5001,Back
CHFA-IOTPARK-KwunTong-EMSDHQsCarPark-129,60C5A8FFFE78EC0B,2,EMSDHQs Car Park,4/F,4049,Back
CHFA-IOTPARK-KwunTong-EMSDHQsCarPark-130,60C5A8FFFE78EE35,1.5,EMSDHQs Car Park,5/F,5001,Front
CHFA-IOTPARK-KwunTong-EMSDHQsCarPark-131,60C5A8FFFE78EEF9,1.5,EMSDHQs Car Park,4/F,4063,
CHFA-IOTPARK-KwunTong-EMSDHQsCarPark-132,60C5A8FFFE78EEB7,1.5,Sent for Maintenance,,,
CHFA-IOTPARK-KwunTong-EMSDHQsCarPark-133,60C5A8FFFE78EE83,2,EMSDHQs Car Park,4/F,4050,
CHFA-IOTPARK-KwunTong-EMSDHQsCarPark-134,60C5A8FFFE78EF0E,2,EMSDHQs Car Park,4/F,4065,
CHFA-IOTPARK-KwunTong-EMSDHQsCarPark-135,60C5A8FFFE78EEAF,1.5,EMSDHQs Car Park,4/F,4073,
CHFA-IOTPARK-KwunTong-EMSDHQsCarPark-136,60C5A8FFFE78EEBD,2,EMSDHQs Car Park,4/F,4051,
CHFA-IOTPARK-KwunTong-EMSDHQsCarPark-137,60C5A8FFFE78EE47,2,EMSDHQs Car Park,4/F,4016,
CHFA-IOTPARK-KwunTong-EMSDHQsCarPark-138,AC1F09FFFE0051DD,2.1,EMSDHQs Car Park,3/F,3057,
CHFA-IOTPARK-KwunTong-EMSDHQsCarPark-139,AC1F09FFFE00540F,2.1,EMSDHQs Car Park,4/F,4021,
CHFA-IOTPARK-KwunTong-EMSDHQsCarPark-140,60C5A8FFFE78EEE6,  ,EMSDHQs Car Park,4/F,4014,
CHFA-IOTPARK-KwunTong-EMSDHQsCarPark-141,60C5A8FFFE78EE05,2.1,EMSDHQs Car Park,4/F,4020,
CHFA-IOTPARK-KwunTong-EMSDHQsCarPark-142,60C5A8FFFE78EE66,2,EMSDHQs Car Park,4/F,4003,
CHFA-IOTPARK-KwunTong-EMSDHQsCarPark-143,60C5A8FFFE78F25B,2,EMSDHQs Car Park,4/F,4009,
CHFA-IOTPARK-KwunTong-EMSDHQsCarPark-144,60C5A8FFFE78EE46,2,EMSDHQs Car Park,4/F,4007,
CHFA-IOTPARK-KwunTong-EMSDHQsCarPark-145,60C5A8FFFE78EED6,2,EMSDHQs Car Park,3/F,3045,Back
CHFA-IOTPARK-KwunTong-EMSDHQsCarPark-146,60C5A8FFFE78EEE9,2,EMSDHQs Car Park,4/F,4022,
CHFA-IOTPARK-KwunTong-EMSDHQsCarPark-147,60C5A8FFFE78EEE3,2.1,EMSDHQs Car Park,4/F,4026,
CHFA-IOTPARK-KwunTong-EMSDHQsCarPark-148,AC1F09FFFE0051DF,2,EMSDHQs Car Park,4/F,4006,
CHFA-IOTPARK-KwunTong-EMSDHQsCarPark-149,AC1F09FFFE005411,2.1,EMSDHQs Car Park,4/F,4015,
CHFA-IOTPARK-KwunTong-EMSDHQsCarPark-150,60C5A8FFFE78F316,2.1,EMSDHQs Car Park,3/F,3060,
CHFA-IOTPARK-KwunTong-EMSDHQsCarPark-151,60C5A8FFFE78F3A1,2,EMSDHQs Car Park,4/F,4001,
CHFA-IOTPARK-KwunTong-EMSDHQsCarPark-152,AC1F09FFFE0053FB,2,EMSDHQs Car Park,4/F,4056,
CHFA-IOTPARK-KwunTong-EMSDHQsCarPark-153,60C5A8FFFE78F446,2,EMSDHQs Car Park,4/F,4055,
CHFA-IOTPARK-KwunTong-EMSDHQsCarPark-154,AC1F09FFFE005413,1.5,EMSDHQs Car Park,4/F,4062,
CHFA-IOTPARK-KwunTong-EMSDHQsCarPark-155,60C5A8FFFE78EED4,2,EMSDHQs Car Park,4/F,4045,
CHFA-IOTPARK-KwunTong-EMSDHQsCarPark-156,60C5A8FFFE78F350,2,EMSDHQs Car Park,4/F,4057,
CHFA-IOTPARK-KwunTong-EMSDHQsCarPark-157,AC1F09FFFE0422EE,2,EMSDHQs Car Park,4/F,4046,
CHFA-IOTPARK-KwunTong-EMSDHQsCarPark-158,60C5A8FFFE78EF06,1.5,EMSDHQs Car Park,4/F,4064,
CHFA-IOTPARK-KwunTong-EMSDHQsCarPark-159,60C5A8FFFE78EFAA,1.5,EMSDHQs Car Park,5/F,5004,Front
CHFA-IOTPARK-KwunTong-EMSDHQsCarPark-160,60C5A8FFFE78EEBF,2,EMSDHQs Car Park,5/F,5029,
CHFA-IOTPARK-KwunTong-EMSDHQsCarPark-161,60C5A8FFFE78EF21,2,EMSDHQs Car Park,4/F,4047,
CHFA-IOTPARK-KwunTong-EMSDHQsCarPark-162,60C5A8FFFE78EF74,2,EMSDHQs Car Park,4/F,4008,
CHFA-IOTPARK-KwunTong-EMSDHQsCarPark-163,60C5A8FFFE78EE39,2,EMSDHQs Car Park,5/F,5046,Back
CHFA-IOTPARK-KwunTong-EMSDHQsCarPark-164,60C5A8FFFE78EE61,2,EMSDHQs Car Park,5/F,5004,Back
CHFA-IOTPARK-KwunTong-EMSDHQsCarPark-165,60C5A8FFFE78F284,2,EMSDHQs Car Park,5/F,5046,Front
CHFA-IOTPARK-KwunTong-EMSDHQsCarPark-166,60C5A8FFFE78EE6F,1.5,EMSDHQs Car Park,4/F,4054,
CHFA-IOTPARK-KwunTong-EMSDHQsCarPark-167,60C5A8FFFE78F311,2.1,EMSDHQs Car Park,3/F,3086,
CHFA-IOTPARK-KwunTong-EMSDHQsCarPark-168,AC1F09FFFE005402,2.1,EMSDHQs Car Park,3/F,3087,
CHFA-IOTPARK-KwunTong-EMSDHQsCarPark-169,60C5A8FFFE78EEB2,2.1,EMSDHQs Car Park,3/F,3104,
CHFA-IOTPARK-KwunTong-EMSDHQsCarPark-170,AC1F09FFFE005424,2.1,EMSDHQs Car Park,3/F,3129,
CHFA-IOTPARK-KwunTong-EMSDHQsCarPark-171,AC1F09FFFE005400,2.1,EMSDHQs Car Park,3/F,3128,
CHFA-IOTPARK-KwunTong-EMSDHQsCarPark-172,60C5A8FFFE78ED6F,2.1,EMSDHQs Car Park,3/F,3089,
CHFA-IOTPARK-KwunTong-EMSDHQsCarPark-173,AC1F09FFFE04249D,2.1,EMSDHQs Car Park,3/F,3127,
CHFA-IOTPARK-KwunTong-EMSDHQsCarPark-174,60C5A8FFFE78EE1E,2.1,EMSDHQs Car Park,3/F,3126,
CHFA-IOTPARK-KwunTong-EMSDHQsCarPark-175,60C5A8FFFE78F387,2.1,EMSDHQs Car Park,3/F,3105,
CHFA-IOTPARK-KwunTong-EMSDHQsCarPark-176,60C5A8FFFE78EF3C,2,EMSDHQs Car Park,3/F,3109,
CHFA-IOTPARK-KwunTong-EMSDHQsCarPark-177,60C5A8FFFE78EF07,2.1,EMSDHQs Car Park,3/F,3103,
CHFA-IOTPARK-KwunTong-EMSDHQsCarPark-178,AC1F09FFFE005403,2.1,EMSDHQs Car Park,3/F,3093,
CHFA-IOTPARK-KwunTong-EMSDHQsCarPark-179,60C5A8FFFE78EED2,2,EMSDHQs Car Park,3/F,3119,
CHFA-IOTPARK-KwunTong-EMSDHQsCarPark-180,60C5A8FFFE78EF59,2.1,EMSDHQs Car Park,3/F,3117,
CHFA-IOTPARK-KwunTong-EMSDHQsCarPark-181,60C5A8FFFE78EE81,2.1,EMSDHQs Car Park,3/F,3118,
CHFA-IOTPARK-KwunTong-EMSDHQsCarPark-182,60C5A8FFFE78EBCE,2.1,EMSDHQs Car Park,3/F,3053,
CHFA-IOTPARK-KwunTong-EMSDHQsCarPark-183,AC1F09FFFE005258,2.1,EMSDHQs Car Park,3/F,3040,
CHFA-IOTPARK-KwunTong-EMSDHQsCarPark-184,60C5A8FFFE78EEB1,2.1,EMSDHQs Car Park,3/F,3050,
CHFA-IOTPARK-KwunTong-EMSDHQsCarPark-185,AC1F09FFFE0422F0,1.5,Sent for Maintenance,,,
CHFA-IOTPARK-KwunTong-EMSDHQsCarPark-186,60C5A8FFFE78EF2A,2.1,EMSDHQs Car Park,3/F,3063,
CHFA-IOTPARK-KwunTong-EMSDHQsCarPark-187,60C5A8FFFE78F447,2.1,EMSDHQs Car Park,3/F,3042,
CHFA-IOTPARK-KwunTong-EMSDHQsCarPark-188,AC1F09FFFE0053F9,2.1,EMSDHQs Car Park,3/F,3052,
CHFA-IOTPARK-KwunTong-EMSDHQsCarPark-189,AC1F09FFFE0051BF,2.1,EMSDHQs Car Park,3/F,3066,
CHFA-IOTPARK-KwunTong-EMSDHQsCarPark-190,60C5A8FFFE78F448,2.1,EMSDHQs Car Park,3/F,3039,
CHFA-IOTPARK-KwunTong-EMSDHQsCarPark-191,60C5A8FFFE78EE03,2.1,EMSDHQs Car Park,3/F,3036,
CHFA-IOTPARK-KwunTong-EMSDHQsCarPark-192,60C5A8FFFE78F156,2.1,EMSDHQs Car Park,3/F,3065,
CHFA-IOTPARK-KwunTong-EMSDHQsCarPark-193,60C5A8FFFE78EF77,2.1,EMSDHQs Car Park,3/F,3035,
CHFA-IOTPARK-KwunTong-EMSDHQsCarPark-194,60C5A8FFFE78EECE,2.1,EMSDHQs Car Park,3/F,3041,
CHFA-IOTPARK-KwunTong-EMSDHQsCarPark-195,60C5A8FFFE78ED70,2.1,EMSDHQs Car Park,3/F,3064,
CHFA-IOTPARK-KwunTong-EMSDHQsCarPark-196,60C5A8FFFE78EF33,2.1,EMSDHQs Car Park,3/F,3037,
CHFA-IOTPARK-KwunTong-EMSDHQsCarPark-197,60C5A8FFFE78EE3E,2,EMSDHQs Car Park,5/F,5041,Front
CHFA-IOTPARK-KwunTong-EMSDHQsCarPark-198,60C5A8FFFE78EF52,2,EMSDHQs Car Park,5/F,5039,Front
CHFA-IOTPARK-KwunTong-EMSDHQsCarPark-199,60C5A8FFFE78EF46,1.5,EMSDHQs Car Park,5/F,5038,Front
CHFA-IOTPARK-KwunTong-EMSDHQsCarPark-200,AC1F09FFFE00516B,1.5,Sent for Maintenance,,,
CHFA-IOTPARK-KwunTong-EMSDHQsCarPark-201,AC1F09FFFE005407,2,EMSDHQs Car Park,5/F,5042,Front
CHFA-IOTPARK-KwunTong-EMSDHQsCarPark-202,60C5A8FFFE78EE87,2,EMSDHQs Car Park,5/F,5037,Back
CHFA-IOTPARK-KwunTong-EMSDHQsCarPark-203,60C5A8FFFE78EE8D,1.5,EMSDHQs Car Park,5/F,5039,Back
CHFA-IOTPARK-KwunTong-EMSDHQsCarPark-204,AC1F09FFFE005160,2,EMSDHQs Car Park,5/F,5044,Back
CHFA-IOTPARK-KwunTong-EMSDHQsCarPark-205,60C5A8FFFE78EF44,2,EMSDHQs Car Park,5/F,5041,Back
CHFA-IOTPARK-KwunTong-EMSDHQsCarPark-206,AC1F09FFFE0051F8,2,EMSDHQs Car Park,5/F,5042,Back
CHFA-IOTPARK-KwunTong-EMSDHQsCarPark-207,60C5A8FFFE78EF7D,2,EMSDHQs Car Park,5/F,5044,Front
CHFA-IOTPARK-KwunTong-EMSDHQsCarPark-208,60C5A8FFFE78EF6A,2,EMSDHQs Car Park,5/F,5043,Back
CHFA-IOTPARK-KwunTong-EMSDHQsCarPark-209,60C5A8FFFE78EF49,2,EMSDHQs Car Park,5/F,5043,Front
CHFA-IOTPARK-KwunTong-EMSDHQsCarPark-210,60C5A8FFFE78F44A,2,EMSDHQs Car Park,5/F,5038,Back
CHFA-IOTPARK-KwunTong-EMSDHQsCarPark-211,AC1F09FFFE005406,1.5,EMSDHQs Car Park,5/F,5040,Front
CHFA-IOTPARK-KwunTong-EMSDHQsCarPark-212,60C5A8FFFE78EF72,2,EMSDHQs Car Park,5/F,5054,
CHFA-IOTPARK-KwunTong-EMSDHQsCarPark-213,60C5A8FFFE78EF45,2,EMSDHQs Car Park,5/F,5005,
CHFA-IOTPARK-KwunTong-EMSDHQsCarPark-214,AC1F09FFFE005409,2,EMSDHQs Car Park,5/F,5006,
CHFA-IOTPARK-KwunTong-EMSDHQsCarPark-215,60C5A8FFFE78EEAD,2,EMSDHQs Car Park,5/F,5008,
CHFA-IOTPARK-KwunTong-EMSDHQsCarPark-216,60C5A8FFFE78EF24,2,EMSDHQs Car Park,5/F,5003,
CHFA-IOTPARK-KwunTong-EMSDHQsCarPark-217,60C5A8FFFE78F399,2,EMSDHQs Car Park,5/F,5011,
CHFA-IOTPARK-KwunTong-EMSDHQsCarPark-218,60C5A8FFFE78F30E,2,EMSDHQs Car Park,5/F,5060,Back
CHFA-IOTPARK-KwunTong-EMSDHQsCarPark-219,AC1F09FFFE005182,1.5,EMSDHQs Car Park,5/F,5012,Front
CHFA-IOTPARK-KwunTong-EMSDHQsCarPark-220,60C5A8FFFE78EE1F,2,EMSDHQs Car Park,5/F,5012,Back
CHFA-IOTPARK-KwunTong-EMSDHQsCarPark-221,60C5A8FFFE78EF0F,2,EMSDHQs Car Park,5/F,5009,
CHFA-IOTPARK-KwunTong-EMSDHQsCarPark-222,60C5A8FFFE78EF3E,2,EMSDHQs Car Park,5/F,5007,
CHFA-IOTPARK-KwunTong-EMSDHQsCarPark-223,60C5A8FFFE78EECC,2,EMSDHQs Car Park,5/F,5010,
CHFA-IOTPARK-KwunTong-EMSDHQsCarPark-224,60C5A8FFFE78EE13,2,EMSDHQs Car Park,5/F,5059,
CHFA-IOTPARK-KwunTong-EMSDHQsCarPark-225,60C5A8FFFE78EF53,2,EMSDHQs Car Park,5/F,5013,Front
CHFA-IOTPARK-KwunTong-EMSDHQsCarPark-226,AC1F09FFFE0422EF,2,EMSDHQs Car Park,5/F,5060,Front
CHFA-IOTPARK-KwunTong-EMSDHQsCarPark-227,60C5A8FFFE78F310,2,EMSDHQs Car Park,3/F,3114,
CHFA-IOTPARK-KwunTong-EMSDHQsCarPark-228,60C5A8FFFE78EE4F,2.1,EMSDHQs Car Park,3/F,3095,
CHFA-IOTPARK-KwunTong-EMSDHQsCarPark-229,60C5A8FFFE78EE89,2.1,EMSDHQs Car Park,3/F,3071,
CHFA-IOTPARK-KwunTong-EMSDHQsCarPark-230,60C5A8FFFE78EE3F,2.1,EMSDHQs Car Park,3/F,3072,
CHFA-IOTPARK-KwunTong-EMSDHQsCarPark-231,60C5A8FFFE78EE0D,2.1,EMSDHQs Car Park,3/F,3094,
CHFA-IOTPARK-KwunTong-EMSDHQsCarPark-232,AC1F09FFFE0051F6,2.1,EMSDHQs Car Park,3/F,3116,
CHFA-IOTPARK-KwunTong-EMSDHQsCarPark-233,AC1F09FFFE0051DE,2.1,EMSDHQs Car Park,3/F,3073,
CHFA-IOTPARK-KwunTong-EMSDHQsCarPark-234,60C5A8FFFE78EE5E,2,EMSDHQs Car Park,3/F,3079,
CHFA-IOTPARK-KwunTong-EMSDHQsCarPark-235,60C5A8FFFE78EE31,2.1,EMSDHQs Car Park,3/F,3080,
CHFA-IOTPARK-KwunTong-EMSDHQsCarPark-236,60C5A8FFFE78F288,2.1,EMSDHQs Car Park,3/F,3098,
CHFA-IOTPARK-KwunTong-EMSDHQsCarPark-237,60C5A8FFFE78EF66,2.1,EMSDHQs Car Park,3/F,3101,
CHFA-IOTPARK-KwunTong-EMSDHQsCarPark-238,60C5A8FFFE78EE54,2.1,EMSDHQs Car Park,3/F,3082,
CHFA-IOTPARK-KwunTong-EMSDHQsCarPark-239,60C5A8FFFE78EEAE,2.1,EMSDHQs Car Park,3/F,3074,
CHFA-IOTPARK-KwunTong-EMSDHQsCarPark-240,60C5A8FFFE78EE40,2.1,EMSDHQs Car Park,3/F,3115,
CHFA-IOTPARK-KwunTong-EMSDHQsCarPark-241,AC1F09FFFE005188,2.1,EMSDHQs Car Park,3/F,3085,
CHFA-IOTPARK-KwunTong-EMSDHQsCarPark-242,AC1F09FFFE0051C5,1.5,EMSDHQs Car Park,4/F,4032,
CHFA-IOTPARK-KwunTong-EMSDHQsCarPark-243,60C5A8FFFE78EFC8,2,EMSDHQs Car Park,4/F,4029,
CHFA-IOTPARK-KwunTong-EMSDHQsCarPark-244,60C5A8FFFE78EEC8,2,EMSDHQs Car Park,4/F,4035,
CHFA-IOTPARK-KwunTong-EMSDHQsCarPark-245,60C5A8FFFE78F3D4,2,EMSDHQs Car Park,4/F,4036,
CHFA-IOTPARK-KwunTong-EMSDHQsCarPark-246,60C5A8FFFE78EF20,2,EMSDHQs Car Park,4/F,4031,
CHFA-IOTPARK-KwunTong-EMSDHQsCarPark-247,60C5A8FFFE78EE86,2,EMSDHQs Car Park,4/F,4037,
CHFA-IOTPARK-KwunTong-EMSDHQsCarPark-248,AC1F09FFFE00541C,2,EMSDHQs Car Park,4/F,4033,
CHFA-IOTPARK-KwunTong-EMSDHQsCarPark-249,60C5A8FFFE78EEBE,2,EMSDHQs Car Park,4/F,4034,
CHFA-IOTPARK-KwunTong-EMSDHQsCarPark-250,AC1F09FFFE00541E,2,EMSDHQs Car Park,4/F,4044,
CHFA-IOTPARK-KwunTong-EMSDHQsCarPark-251,AC1F09FFFE005256,1.5,EMSDHQs Car Park,4/F,4027,
CHFA-IOTPARK-KwunTong-EMSDHQsCarPark-252,60C5A8FFFE78F432,2.1,EMSDHQs Car Park,3/F,3023,
CHFA-IOTPARK-KwunTong-EMSDHQsCarPark-253,60C5A8FFFE78F46B,1.5,Sent for Maintenance,,,
CHFA-IOTPARK-KwunTong-EMSDHQsCarPark-254,AC1F09FFFE03F596,2,EMSDHQs Car Park,3/F,3025,
CHFA-IOTPARK-KwunTong-EMSDHQsCarPark-255,60C5A8FFFE78F251,2,EMSDHQs Car Park,3/F,3026,
CHFA-IOTPARK-KwunTong-EMSDHQsCarPark-256,60C5A8FFFE78F349,2,EMSDHQs Car Park,3/F,3027,
CHFA-IOTPARK-KwunTong-EMSDHQsCarPark-257,60C5A8FFFE78F3BF,2,EMSDHQs Car Park,3/F,3028,
CHFA-IOTPARK-KwunTong-EMSDHQsCarPark-258,AC1F09FFFE0052DA,2,EMSDHQs Car Park,3/F,3029,
CHFA-IOTPARK-KwunTong-EMSDHQsCarPark-259,60C5A8FFFE78F472,2.1,EMSDHQs Car Park,3/F,3015,
CHFA-IOTPARK-KwunTong-EMSDHQsCarPark-260,AC1F09FFFE0052EC,2,EMSDHQs Car Park,3/F,3016,
CHFA-IOTPARK-KwunTong-EMSDHQsCarPark-261,60C5A8FFFE78F27B,1.5,Sent for Maintenance,,,
CHFA-IOTPARK-KwunTong-EMSDHQsCarPark-262,60C5A8FFFE78F3E2,2,EMSDHQs Car Park,3/F,3018,
CHFA-IOTPARK-KwunTong-EMSDHQsCarPark-263,AC1F09FFFE0052CE,2.1,EMSDHQs Car Park,3/F,3019,
CHFA-IOTPARK-KwunTong-EMSDHQsCarPark-264,60C5A8FFFE78F2AB,2.1,EMSDHQs Car Park,3/F,3020,
CHFA-IOTPARK-KwunTong-EMSDHQsCarPark-265,60C5A8FFFE78F32D,2,EMSDHQs Car Park,3/F,3021,
CHFA-IOTPARK-KwunTong-EMSDHQsCarPark-266,60C5A8FFFE78F279,2.1,EMSDHQs Car Park,3/F,3022,
CHFA-IOTPARK-KwunTong-EMSDHQsCarPark-267,AC1F09FFFE03F5A3,2,EMSDHQs Car Park,3/F,3007,
CHFA-IOTPARK-KwunTong-EMSDHQsCarPark-268,AC1F09FFFE03F5A2,2,EMSDHQs Car Park,5/F,5063,
CHFA-IOTPARK-KwunTong-EMSDHQsCarPark-269,AC1F09FFFE03F5A1,2,EMSDHQs Car Park,4/F,4025,
CHFA-IOTPARK-KwunTong-EMSDHQsCarPark-270,AC1F09FFFE03F59D,2,EMSDHQs Car Park,3/F,3017,
CHFA-IOTPARK-KwunTong-EMSDHQsCarPark-271,AC1F09FFFE03F59C,2.1,EMSDHQs Car Park,4/F,4042,
CHFA-IOTPARK-KwunTong-EMSDHQsCarPark-272,AC1F09FFFE03F59B,1.4,EMSDHQs Car Park,4/F,4043,
CHFA-IOTPARK-KwunTong-EMSDHQsCarPark-273,AC1F09FFFE00A09E,2,EMSDHQs Car Park,G/F,P2,
CHFA-IOTPARK-KwunTong-EMSDHQsCarPark-274,AC1F09FFFE005405,2,EMSDHQs Car Park,3/F,3096,
CHFA-IOTPARK-KwunTong-EMSDHQsCarPark-275,AC1F09FFFE0053C5,2.1,EMSDHQs Car Park,3/F,3010,
CHFA-IOTPARK-KwunTong-EMSDHQsCarPark-276,AC1F09FFFE0053BD,1.4,EMSDHQs Car Park,4/F,4067,
CHFA-IOTPARK-KwunTong-EMSDHQsCarPark-277,AC1F09FFFE0053BB,2,EMSDHQs Car Park,G/F,P7,
CHFA-IOTPARK-KwunTong-EMSDHQsCarPark-278,AC1F09FFFE0052ED,2,EMSDHQs Car Park,G/F,P5,
CHFA-IOTPARK-KwunTong-EMSDHQsCarPark-279,AC1F09FFFE0052DD,2,EMSDHQs Car Park,5/F,5055,
CHFA-IOTPARK-KwunTong-EMSDHQsCarPark-280,AC1F09FFFE0052D4,2,EMSDHQs Car Park,G/F,P3,
CHFA-IOTPARK-KwunTong-EMSDHQsCarPark-281,AC1F09FFFE0052C3,2,EMSDHQs Car Park,G/F,P1,
CHFA-IOTPARK-KwunTong-EMSDHQsCarPark-282,AC1F09FFFE00527D,2.1,EMSDHQs Car Park,3/F,3013,
CHFA-IOTPARK-KwunTong-EMSDHQsCarPark-283,AC1F09FFFE00527A,2,EMSDHQs Car Park,1/F,1001,
CHFA-IOTPARK-KwunTong-EMSDHQsCarPark-284,AC1F09FFFE005187,2.1,EMSDHQs Car Park,3/F,3067,
CHFA-IOTPARK-KwunTong-EMSDHQsCarPark-285,60C5A8FFFE78F457,2,EMSDHQs Car Park,1/F,1002,
CHFA-IOTPARK-KwunTong-EMSDHQsCarPark-286,60C5A8FFFE78F438,2,EMSDHQs Car Park,4/F,4076,
CHFA-IOTPARK-KwunTong-EMSDHQsCarPark-287,60C5A8FFFE78F411,2,EMSDHQs Car Park,5/F,5056,
CHFA-IOTPARK-KwunTong-EMSDHQsCarPark-288,60C5A8FFFE78F40D,2,EMSDHQs Car Park,5/F,5057,
CHFA-IOTPARK-KwunTong-EMSDHQsCarPark-289,60C5A8FFFE78F3F0,2,EMSDHQs Car Park,3/F,3005,
CHFA-IOTPARK-KwunTong-EMSDHQsCarPark-290,60C5A8FFFE78F3B3,2,EMSDHQs Car Park,3/F,3008,
CHFA-IOTPARK-KwunTong-EMSDHQsCarPark-291,60C5A8FFFE78F3A8,2,EMSDHQs Car Park,5/F,5061,
CHFA-IOTPARK-KwunTong-EMSDHQsCarPark-292,60C5A8FFFE78F3A6,2.1,EMSDHQs Car Park,4/F,4048,
CHFA-IOTPARK-KwunTong-EMSDHQsCarPark-293,60C5A8FFFE78F33C,2,EMSDHQs Car Park,G/F,G033,
CHFA-IOTPARK-KwunTong-EMSDHQsCarPark-294,60C5A8FFFE78F308,2,EMSDHQs Car Park,3/F,3024,
CHFA-IOTPARK-KwunTong-EMSDHQsCarPark-295,60C5A8FFFE78F2F3,2,EMSDHQs Car Park,3/F,3003,
CHFA-IOTPARK-KwunTong-EMSDHQsCarPark-296,60C5A8FFFE78F2E9,2,EMSDHQs Car Park,3/F,3009,
CHFA-IOTPARK-KwunTong-EMSDHQsCarPark-297,60C5A8FFFE78F2E8,2,EMSDHQs Car Park,5/F,5036,
CHFA-IOTPARK-KwunTong-EMSDHQsCarPark-298,60C5A8FFFE78F28E,2,EMSDHQs Car Park,3/F,3006,
CHFA-IOTPARK-KwunTong-EMSDHQsCarPark-299,60C5A8FFFE78F241,2.1,EMSDHQs Car Park,3/F,3012,
CHFA-IOTPARK-KwunTong-EMSDHQsCarPark-300,60C5A8FFFE78F240,2,EMSDHQs Car Park,G/F,G034,
CHFA-IOTPARK-KwunTong-EMSDHQsCarPark-301,60C5A8FFFE78F220,2,EMSDHQs Car Park,5/F,5002,
CHFA-IOTPARK-KwunTong-EMSDHQsCarPark-302,60C5A8FFFE78F21C,2,EMSDHQs Car Park,3/F,3002,
CHFA-IOTPARK-KwunTong-EMSDHQsCarPark-303,60C5A8FFFE78F218,2,EMSDHQs Car Park,2/F,2004,
CHFA-IOTPARK-KwunTong-EMSDHQsCarPark-304,60C5A8FFFE78F213,2,EMSDHQs Car Park,5/F,5062,
CHFA-IOTPARK-KwunTong-EMSDHQsCarPark-305,60C5A8FFFE78F20B,2.1,EMSDHQs Car Park,3/F,3011,
CHFA-IOTPARK-KwunTong-EMSDHQsCarPark-306,60C5A8FFFE78F201,2,EMSDHQs Car Park,3/F,3004,
CHFA-IOTPARK-KwunTong-EMSDHQsCarPark-307,60C5A8FFFE78F0AB,2.1,EMSDHQs Car Park,3/F,3014,
CHFA-IOTPARK-KwunTong-EMSDHQsCarPark-308,60C5A8FFFE78EFBD,2,EMSDHQs Car Park,G/F,P4,
CHFA-IOTPARK-KwunTong-EMSDHQsCarPark-309,60C5A8FFFE78EE0B,2,EMSDHQs Car Park,3/F,3001,
CHFA-IOTPARK-KwunTong-EMSDHQsCarPark-310,60C5A8FFFE78EC6D,2,EMSDHQs Car Park,2/F,2005,
CHFA-IOTPARK-KwunTong-EMSDHQsCarPark-311,60C5A8FFFE78EBDF,2,EMSDHQs Car Park,G/F,P6,
CHFA-IOTPARK-KwunTong-EMSDHQsCarPark-312,60C5A8FFFE78F3E7,2,EMSDHQs Car Park,2/F,2001,
CHFA-IOTPARK-KwunTong-EMSDHQsCarPark-313,60C5A8FFFE78F2EE,2.1,EMSDHQs Car Park,3/F,3124,
CHFA-IOTPARK-KwunTong-EMSDHQsCarPark-314,AC1F09FFFE0052CB,2,EMSDHQs Car Park,2/F,2002,
CHFA-IOTPARK-KwunTong-EMSDHQsCarPark-315,AC1F09FFFE03F593,2,Champion Fame,,,
CHFA-IOTPARK-KwunTong-EMSDHQsCarPark-316,AC1F09FFFE03F594,2,Champion Fame,,,
CHFA-IOTPARK-KwunTong-EMSDHQsCarPark-317,AC1F09FFFE00537A,2,EMSDHQs Car Park,2/F,2003,
CHFA-IOTPARK-KwunTong-EMSDHQsCarPark-319,AC1F09FFFE0052F4,2,EMSDHQs Car Park,3/F,3056,Back
CHFA-IOTPARK-KwunTong-EMSDHQsCarPark-320,AC1F09FFFE00518C,2.1,EMSDHQs Car Park,3/F,3011,Back
CHFA-IOTPARK-KwunTong-EMSDHQsCarPark-321,AC1F09FFFE03F5CC,2.1,EMSDHQs Car Park,3/F,3123,Back
CHFA-IOTPARK-KwunTong-EMSDHQsCarPark-322,AC1F09FFFE03F5FF,2.1,EMSDHQs Car Park,3/F,3123,Front
CHFA-IOTPARK-KwunTong-EMSDHQsCarPark-323,AC1F09FFFE0053CD,2.1,EMSDHQs Car Park,3/F,3049,Back
CHFA-IOTPARK-KwunTong-EMSDHQsCarPark-324,60C5A8FFFE78F3B4,2.1,EMSDHQs BIM-AM A,3/F,3102,Back
CHFA-IOTPARK-KwunTong-EMSDHQsCarPark-325,60C5A8FFFE78F3EB,2.1,EMSDHQs Car Park,3/F,3047,Back
CHFA-NHRP02LW-KwunTong-EMSDHQsCarPark-001,786864460000344A,,EMSDHQs Car Park,G/F,P8,
CHFA-NHRP02LW-KwunTong-EMSDHQsCarPark-002,7.86864E+15,,EMSDHQs Car Park,G/F,P9,
IOTPARK0001-001,60C5A8FFFE78F40F,1.4,EMSD Roy,,,
IOTPARK0001-002,AC1F09FFFE005197,1.4,EMSD Roy,,,
IOTPARK0001-003,60C5A8FFFE78F243,2.1,Lend to HKPF,,,
IOTPARK0001-004,60C5A8FFFE78ECDA,1.4,EMSD Roy,,,
IOTPARK0001-005,60C5A8FFFE78F2E6,2.1,Lend to HKPF,,,
IOTPARK0001-006,60C5A8FFFE78F254,2.1,Lend to HKPF,,,
IOTPARK0001-007,AC1F09FFFE005353,2.1,Lend to HKPF,,,
IOTPARK0001-008,AC1F09FFFE00A0B7,2.1,Lend to HKPF,,,
IOTPARK0001-009,60C5A8FFFE78EFAC,2.1,Lend to HKPF,,,
IOTPARK0001-010,60C5A8FFFE78F3CE,2.1,Lend to HKPF,,,
IOTPARK0001-011,AC1F09FFFE00527C,2.1,Lend to HKPF,,,
IOTPARK0001-012,60C5A8FFFE78EE91,2.1,EMSD Roy,,,
,60C5A8FFFE78ECA8,1.4,EMSDHQs BIM-AM A,,,
,AC1F09FFFE00526D,1.4,EMSDHQs BIM-AM A,,,
,AC1F09FFFE0052DB,1.4,EMSDHQs BIM-AM A,,,
,AC1F09FFFE00A3DF,1.4,EMSDHQs BIM-AM A,,,
,AC1F09FFFE0053CB,1.4,EMSDHQs BIM-AM A,,,
,AC1F09FFFE0052E5,1.4,EMSDHQs BIM-AM A,,,
,AC1F09FFFE0053BC,1.4,EMSDHQs BIM-AM A,,,
,AC1F09FFFE03F599,1.4,EMSDHQs BIM-AM A,,,
,60C5A8FFFE78EFB5,1.4,EMSDHQs BIM-AM A,,,
,AC1F09FFFE0052CD,1.4,EMSDHQs BIM-AM A,,,
,60C5A8FFFE78F0E0,1.4,EMSDHQs BIM-AM A,,,
,AC1F09FFFE0052E9,1.4,EMSDHQs BIM-AM A,,,
,AC1F09FFFE0052BD,1.4,EMSDHQs BIM-AM A,,,
,60C5A8FFFE78F39D,1.4,EMSDHQs BIM-AM A,,,
,60C5A8FFFE78F3A3,1.4,EMSDHQs BIM-AM A,,,
,AC1F09FFFE03F59E,1.4,EMSDHQs BIM-AM A,,,
,AC1F09FFFE0052E4,1.4,EMSDHQs BIM-AM A,,,
,AC1F09FFFE0052EB,1.4,EMSDHQs BIM-AM A,,,
,AC1F09FFFE03F59F,1.4,EMSDHQs BIM-AM A,,,
,AC1F09FFFE03F5A0,1.4,EMSDHQs BIM-AM A,,,
,AC1F09FFFE0052B8,1.4,EMSDHQs BIM-AM A,,,
,60C5A8FFFE78F3AC,1.4,EMSDHQs BIM-AM A,,,
,60C5A8FFFE78F3C8,1.4,EMSDHQs BIM-AM A,,,
,60C5A8FFFE78F410,1.4,EMSDHQs BIM-AM A,,,
,60C5A8FFFE78F394,1.4,EMSDHQs BIM-AM A,,,
,AC1F09FFFE00520E,1.4,EMSDHQs BIM-AM A,,,
,60C5A8FFFE78F27A,1.4,EMSDHQs BIM-AM A,,,
,60C5A8FFFE78EC81,1.4,EMSDHQs BIM-AM A,,,
,AC1F09FFFE005257,1.4,EMSDHQs BIM-AM A,,,
,60C5A8FFFE78F414,1.4,EMSDHQs BIM-AM A,,,
,60C5A8FFFE78F3A9,1.4,EMSDHQs BIM-AM A,,,
,60C5A8FFFE78F3ED,1.4,EMSDHQs BIM-AM A,,,
,60C5A8FFFE78F45A,1.4,EMSDHQs BIM-AM A,,,
,AC1F09FFFE0051A9,1.4,EMSDHQs BIM-AM A,,,
,60C5A8FFFE78F2EF,1.4,EMSDHQs BIM-AM A,,,
,60C5A8FFFE78F40E,1.4,EMSDHQs BIM-AM A,,,
,60C5A8FFFE78F3FF,1.4,EMSDHQs BIM-AM A,,,
,60C5A8FFFE78F21D,1.4,EMSDHQs BIM-AM A,,,
,60C5A8FFFE78F3F2,1.4,EMSDHQs BIM-AM A,,,
,60C5A8FFFE78F219,1.4,EMSDHQs BIM-AM A,,,
,AC1F09FFFE00A0BD,1.4,EMSDHQs BIM-AM A,,,
,60C5A8FFFE78F1FF,1.4,EMSDHQs BIM-AM A,,,
,60C5A8FFFE78F2A8,1.4,EMSDHQs BIM-AM A,,,
,60C5A8FFFE78F3EE,1.4,EMSDHQs BIM-AM A,,,
,60C5A8FFFE78F24D,1.4,EMSDHQs BIM-AM A,,,
,60C5A8FFFE78F290,1.4,EMSDHQs BIM-AM A,,,
,60C5A8FFFE78F29A,1.4,EMSDHQs BIM-AM A,,,
